local_sstmap_site,global_sstmap_site,center_shift_A,local_occupancy,global_occupancy,local_minus_TdS_total_kcal_mol,global_minus_TdS_total_kcal_mol
0,3,0.35693136595150043,1.0,0.96,6.9330374685,6.4001624195
1,0,0.19235384061671498,1.0,0.99,5.2349771005,4.8659364375
2,1,0.15779733838059606,1.0,0.98,5.118036987999999,4.921828203
3,2,0.40804411526205653,0.99,0.97,4.673346253,4.3949282405
4,4,0.2780287754891562,0.98,0.93,4.2245842135,3.8992496964999996
5,7,0.7203471385380784,0.91,0.78,4.318507157,4.067723288
6,5,0.4555216789572121,0.9,0.87,3.7863475419999997,3.607385971
7,6,0.31764760348536547,0.89,0.81,3.5657564025,3.3866109205
8,8,0.5814636704042647,0.82,0.64,3.4312699679999996,3.0698434225
9,10,0.6094259594077021,0.7,0.58,3.829865735,3.5659665865
11,11,0.4259107887809411,0.47,0.45,2.0259989435,1.9418647134999998
12,13,0.37643060449436766,0.43,0.41,2.3136933459999995,2.2606855474999996
13,14,0.8422588675698173,0.43,0.35,2.7230539694999996,2.5288368799999996
14,16,0.6469157595854423,0.4,0.33,2.23686301,2.0862237329999997
15,15,0.645445582524201,0.39,0.34,1.614772937,1.4988463559999998
16,17,0.4581484475582208,0.32,0.29,1.7751989065,1.6378982295
17,18,0.6140846847137553,0.33,0.29,1.9809811684999998,1.716229158
