hydrarank_site,hydrarank_rank,sstmap_site,center_distance_A,hydrarank_occupancy,sstmap_occupancy,hydrarank_minus_TdS_trans_kcal_mol,sstmap_minus_TdS_trans_kcal_mol,hydrarank_minus_TdS_orient_kcal_mol,sstmap_minus_TdS_orient_kcal_mol,hydrarank_minus_TdS_total_kcal_mol,sstmap_minus_TdS_total_kcal_mol,hydrarank_solute_hbonds,sstmap_solute_hbonds,hydrarank_residence_ps,hydrarank_enclosure,hydrarank_score,sstmap_hydrarank_like_score_proxy,hydrarank_category,sstmap_Esw_kcal_mol,sstmap_Eww_kcal_mol,sstmap_Etot_kcal_mol,sstmap_water_neighbors,sstmap_water_water_hbonds
1,12,0,0.005671306372404569,0.999960001599936,1.0,2.582687772363514,2.8943124989999998,3.2202689511601283,4.0387249695,5.802956723523642,6.9330374685,3.93644,2.732869,25000.0,31.859,1.8665167235236417,4.2001684685,replace-hbonds,-16.094243,0.389958,-15.704285,0.0,0.0
2,1,1,0.009653716451697485,0.9985600575976961,1.0,2.1498646171725544,2.5601967369999996,2.7262362195721055,2.6747803635,4.87610083674466,5.2349771005,1.898618065291408,0.97681,1349.4594594594594,26.642379331063488,2.9774827714532526,4.2581671005,replace-hbonds,-7.841798,-3.137092,-10.97889,0.998358,0.974047
3,3,2,0.0034165928097452812,0.9966801327946883,1.0,2.0901575785661333,2.5118402699999995,2.5717272802834708,2.6061967179999996,4.6618848588496045,5.118036987999999,2.061160606790272,0.738094,593.2857142857143,21.412593306043824,2.6007242520593326,4.379942987999999,replace-hbonds,-7.519271,-5.393681,-12.912952,1.992738,1.938094
4,18,3,0.006979808737971406,0.9896404143834246,0.99,2.051710646103578,2.4812392985,2.2928395489664313,2.1921069545,4.34455019507001,4.673346253,2.92522835664053,2.110299,209.67796610169492,24.727063293185676,1.4193218384294797,2.563047253,replace-hbonds,-9.018523,-2.543221,-11.561744,1.061914,0.940226
5,10,4,0.006805705078073091,0.9801207951681933,0.98,1.839728606433936,2.2991663979999997,2.072461690936121,1.925418826,3.912190297370057,4.2245842135,2.0196294482533466,1.69327,102.52719665271967,29.83810806398955,1.8925608491167103,2.5313142135,replace-hbonds,-8.218115,-2.710427,-10.928542,0.994745,0.964475
6,19,5,0.018711261421186006,0.9034438622455102,0.91,1.62877188585262,2.060154854,2.4035246244599193,2.2583523029999997,4.032296510312539,4.318507157,3.407712400938593,3.263401,26.761848341232227,28.557223181476072,0.6245841093739464,1.055106157,replace-hbonds,-12.272285,0.246571,-12.025713,0.141567,0.091486
7,6,7,0.009404635379986944,0.8850045998160073,0.89,1.5200237831410144,1.9556479334999999,1.7832795345887962,1.6101084689999998,3.3033033177298106,3.5657564025,1.0012654795263491,0.935517,21.082420200095285,25.043523456566934,2.3020378382034616,2.6302394025,replace-hbonds,-6.162862,-5.064804,-11.227666,2.18232,1.999596
8,13,9,0.020954609767688932,0.6928922843086277,0.7,1.4955903526946135,1.795228027,2.2320102791217296,2.034637708,3.7276006318163435,3.829865735,1.9242048144085897,1.787427,11.946896551724137,19.995035501933845,1.8033958174077538,2.0424387349999997,replace-hbonds,-7.767348,-4.569288,-12.336636,1.745383,1.640128
9,16,10,0.049016570741725204,0.6887724491020359,0.69,1.431703441188081,1.7308925235,1.4460889627705422,1.177786254,2.877792403958623,2.9086787775,1.3200929152148664,1.245399,10.528890247630693,14.722996515679442,1.5576994887437565,1.6632797775000001,replace-hbonds,-7.870211,-5.280261,-13.150472,3.280922,2.401759
10,7,8,0.2700499373040725,0.6592936282548698,0.82,1.7018291692709608,1.962637562,1.6673673664129554,1.4686334165,3.3691965356839155,3.4312699679999996,1.0816598920099496,1.078642,8.16798810703667,15.50646120245101,2.287536643673966,2.3526279679999993,replace-hbonds,-5.834209,-7.521651,-13.35586,3.008424,2.616527
11,2,6,0.24435456400226757,0.5302587896484141,0.9,2.0628437657188416,2.1629105779999995,1.8733917132163895,1.623436964,3.936235478935231,3.7863475419999997,1.0747529607000075,1.004912,5.924916201117319,19.87252017801916,2.8614825182352233,2.7814355419999996,replace-hbonds,-7.216885,-6.064172,-13.281057,3.097849,2.674633
12,8,11,0.11570615056251157,0.4659813607455702,0.47,1.383785763042308,1.4650592779999998,0.7114698395454673,0.5609396655,2.095255602587775,2.0259989435,0.10944206008583691,0.090342,6.543105869137882,9.863862660944205,1.985813542501938,1.9356569435,displaceable,-2.902622,-9.487949,-12.390571,4.705661,3.460593
13,5,12,0.11900113966204352,0.43802247910083597,0.43,1.3075436346665716,1.3599703095,1.1315474610182221,0.9537230365,2.4390910956847933,2.3136933459999995,0.0991690256597571,0.071277,4.948486217803886,13.125924573098347,2.339922070025036,2.2424163459999997,displaceable,-2.3403,-9.271454,-11.611754,3.30979,2.885366
14,9,13,0.06282804812733715,0.4235430582776689,0.43,1.2821454895282343,1.305620567,1.4924422084294235,1.4174334025,2.7745876979576582,2.7230539694999996,0.8551326848616488,0.823027,5.979107848673066,10.605628482387383,1.9194550130960093,1.9000269694999996,displaceable,-5.795076,-6.813231,-12.608307,3.370555,2.692409
15,14,15,0.14430519130692404,0.390024399024039,0.39,1.2545664607178117,1.2428200129999998,0.52380235168295,0.371952924,1.7783688124007617,1.614772937,0.058045328684237514,0.044178,4.983899821109123,7.226233206850579,1.7203234837165242,1.5705949369999999,bulk-like,-2.456514,-9.781311,-12.237825,4.037469,3.203964
16,4,14,0.304277344137176,0.35078596856125754,0.4,1.3037389921539477,1.2704117155,1.1948369920371775,0.9664512944999999,2.4985759841911253,2.23686301,0.07274800456100342,0.070149,4.891243725599554,13.087457240592931,2.425827979630122,2.16671401,displaceable,-4.145057,-7.943181,-12.088238,3.641749,3.117082
17,11,16,0.22522442399889114,0.3204671813127475,0.32,1.2626263833102056,1.1184769774999999,0.7762756575277003,0.6567219289999999,2.0389020408379057,1.7751989065,0.1718671992011982,0.171691,4.919864906355542,7.470169745381927,1.8670348416367075,1.6035079065,displaceable,-3.12686,-9.358849,-12.485709,4.105818,3.270934
18,15,18,0.15729669483375947,0.2955481780728771,0.29,1.1940271172564616,1.0045602809999998,0.4936353028103428,0.366702366,1.6876624200668044,1.3712616364999999,0.060495330897279743,0.055609,3.8156467854376452,3.8175666531330354,1.6271670891695247,1.3156526364999999,bulk-like,-2.710288,-9.893125,-12.603414,4.740583,3.539652
19,17,19,0.19219370482372813,0.29338826446942123,0.29,1.2338733041185508,1.0359514635,0.7352780951458564,0.5987828905,1.9691513992644072,1.6347333435,0.5232447171097477,0.404898,4.079532814238043,11.669120654396728,1.4459066821546593,1.2298353435,bulk-like,-2.911248,-8.083099,-10.994348,3.117017,2.563517
