trial,kind,mode,frames,stage,depth,calls,inclusive_seconds
preparation,preparation,prepare,1001,raw_prefix_export,0,1,2.607438708189875
preparation,preparation,prepare,1001,alignment_initialization,0,1,1.566926040686667
preparation,preparation,prepare,1001,alignment_and_export,0,1,11.398003791924566
preflight_hydrarank,preflight,hydrarank,101,load_universe,0,1,0.21943229204043746
preflight_hydrarank,preflight,hydrarank,101,describe_system,0,1,0.20885704224929214
preflight_hydrarank,preflight,hydrarank,101,prepare_system,1,1,1.5340219582431018
preflight_hydrarank,preflight,hydrarank,101,run_preprocess,0,1,5.316303125116974
preflight_hydrarank,preflight,hydrarank,101,cluster_hydration_sites,0,1,0.034896000288426876
preflight_hydrarank,preflight,hydrarank,101,translational_entropy,1,21,0.0013643321581184864
preflight_hydrarank,preflight,hydrarank,101,orientational_entropy,1,21,0.003941957373172045
preflight_hydrarank,preflight,hydrarank,101,analyse_sites,0,1,0.010826750192791224
preflight_hydrarank,preflight,hydrarank,101,rank_sites,0,1,0.0002071247436106205
preflight_hydrarank,preflight,hydrarank,101,_write_artifacts,0,1,0.0032001249492168427
preflight_hsa_full,preflight,hsa_full,101,initialization,0,1,4.099918875
preflight_hsa_full,preflight,hsa_full,101,clustering,0,1,1.6944865
preflight_hsa_full,preflight,hsa_full,101,generate_data_for_entropycalcs,1,1,0.022077166999999065
preflight_hsa_full,preflight,hsa_full,101,run_entropy_scripts,1,1,0.018523874999999634
preflight_hsa_full,preflight,hsa_full,101,normalize_site_quantities,1,1,0.0028356669999993755
preflight_hsa_full,preflight,hsa_full,101,site_quantities,0,1,17.43068575
preflight_hsa_full,preflight,hsa_full,101,export,0,1,0.02833324999999931
preflight_hsa_reduced,preflight,hsa_reduced,101,initialization,0,1,4.228948458
preflight_hsa_reduced,preflight,hsa_reduced,101,clustering,0,1,1.7452053749999994
preflight_hsa_reduced,preflight,hsa_reduced,101,generate_data_for_entropycalcs,1,1,0.02167866599999968
preflight_hsa_reduced,preflight,hsa_reduced,101,run_entropy_scripts,1,1,0.019570292000000933
preflight_hsa_reduced,preflight,hsa_reduced,101,normalize_site_quantities,1,1,0.0022498340000005612
preflight_hsa_reduced,preflight,hsa_reduced,101,site_quantities,0,1,15.997549333
preflight_hsa_reduced,preflight,hsa_reduced,101,export,0,1,0.01453566700000053
trial_000_hsa_reduced_101_single,benchmark,hsa_reduced,101,initialization,0,1,4.414478084
trial_000_hsa_reduced_101_single,benchmark,hsa_reduced,101,clustering,0,1,1.691496625
trial_000_hsa_reduced_101_single,benchmark,hsa_reduced,101,generate_data_for_entropycalcs,1,1,0.021418249999999972
trial_000_hsa_reduced_101_single,benchmark,hsa_reduced,101,run_entropy_scripts,1,1,0.018688250000000295
trial_000_hsa_reduced_101_single,benchmark,hsa_reduced,101,normalize_site_quantities,1,1,0.002366667000000433
trial_000_hsa_reduced_101_single,benchmark,hsa_reduced,101,site_quantities,0,1,15.274779958000002
trial_000_hsa_reduced_101_single,benchmark,hsa_reduced,101,export,0,1,0.014526249999999408
trial_001_hydrarank_101_single,benchmark,hydrarank,101,load_universe,0,1,0.22160249995067716
trial_001_hydrarank_101_single,benchmark,hydrarank,101,describe_system,0,1,0.21223691711202264
trial_001_hydrarank_101_single,benchmark,hydrarank,101,prepare_system,1,1,1.5540556660853326
trial_001_hydrarank_101_single,benchmark,hydrarank,101,run_preprocess,0,1,5.362532207742333
trial_001_hydrarank_101_single,benchmark,hydrarank,101,cluster_hydration_sites,0,1,0.034353832714259624
trial_001_hydrarank_101_single,benchmark,hydrarank,101,translational_entropy,1,21,0.00130454171448946
trial_001_hydrarank_101_single,benchmark,hydrarank,101,orientational_entropy,1,21,0.004157456569373608
trial_001_hydrarank_101_single,benchmark,hydrarank,101,analyse_sites,0,1,0.00940895825624466
trial_001_hydrarank_101_single,benchmark,hydrarank,101,rank_sites,0,1,0.00021079229190945625
trial_001_hydrarank_101_single,benchmark,hydrarank,101,_write_artifacts,0,1,0.003220250364392996
trial_002_hydrarank_101_single,benchmark,hydrarank,101,load_universe,0,1,0.21667316695675254
trial_002_hydrarank_101_single,benchmark,hydrarank,101,describe_system,0,1,0.21450020791962743
trial_002_hydrarank_101_single,benchmark,hydrarank,101,prepare_system,1,1,1.5367352501489222
trial_002_hydrarank_101_single,benchmark,hydrarank,101,run_preprocess,0,1,5.292782791890204
trial_002_hydrarank_101_single,benchmark,hydrarank,101,cluster_hydration_sites,0,1,0.03298329096287489
trial_002_hydrarank_101_single,benchmark,hydrarank,101,translational_entropy,1,21,0.0012671253643929958
trial_002_hydrarank_101_single,benchmark,hydrarank,101,orientational_entropy,1,21,0.003814459778368473
trial_002_hydrarank_101_single,benchmark,hydrarank,101,analyse_sites,0,1,0.00821266695857048
trial_002_hydrarank_101_single,benchmark,hydrarank,101,rank_sites,0,1,3.137486055493355e-05
trial_002_hydrarank_101_single,benchmark,hydrarank,101,_write_artifacts,0,1,0.003246375359594822
trial_003_hydrarank_101_single,benchmark,hydrarank,101,load_universe,0,1,0.21924837492406368
trial_003_hydrarank_101_single,benchmark,hydrarank,101,describe_system,0,1,0.20664262492209673
trial_003_hydrarank_101_single,benchmark,hydrarank,101,prepare_system,1,1,1.4940830003470182
trial_003_hydrarank_101_single,benchmark,hydrarank,101,run_preprocess,0,1,5.2362822918221354
trial_003_hydrarank_101_single,benchmark,hydrarank,101,cluster_hydration_sites,0,1,0.03216816717758775
trial_003_hydrarank_101_single,benchmark,hydrarank,101,translational_entropy,1,21,0.001253083348274231
trial_003_hydrarank_101_single,benchmark,hydrarank,101,orientational_entropy,1,21,0.003763373475521803
trial_003_hydrarank_101_single,benchmark,hydrarank,101,analyse_sites,0,1,0.00808366620913148
trial_003_hydrarank_101_single,benchmark,hydrarank,101,rank_sites,0,1,3.0250288546085358e-05
trial_003_hydrarank_101_single,benchmark,hydrarank,101,_write_artifacts,0,1,0.0031472500413656235
trial_004_hsa_reduced_101_single,benchmark,hsa_reduced,101,initialization,0,1,4.285161083
trial_004_hsa_reduced_101_single,benchmark,hsa_reduced,101,clustering,0,1,1.7535687089999996
trial_004_hsa_reduced_101_single,benchmark,hsa_reduced,101,generate_data_for_entropycalcs,1,1,0.02129575000000017
trial_004_hsa_reduced_101_single,benchmark,hsa_reduced,101,run_entropy_scripts,1,1,0.020050292000000525
trial_004_hsa_reduced_101_single,benchmark,hsa_reduced,101,normalize_site_quantities,1,1,0.002835708000002768
trial_004_hsa_reduced_101_single,benchmark,hsa_reduced,101,site_quantities,0,1,16.420407249999997
trial_004_hsa_reduced_101_single,benchmark,hsa_reduced,101,export,0,1,0.015551166999998145
trial_005_hsa_reduced_101_single,benchmark,hsa_reduced,101,initialization,0,1,4.546670875
trial_005_hsa_reduced_101_single,benchmark,hsa_reduced,101,clustering,0,1,1.7252983330000005
trial_005_hsa_reduced_101_single,benchmark,hsa_reduced,101,generate_data_for_entropycalcs,1,1,0.0215150830000006
trial_005_hsa_reduced_101_single,benchmark,hsa_reduced,101,run_entropy_scripts,1,1,0.01851441599999859
trial_005_hsa_reduced_101_single,benchmark,hsa_reduced,101,normalize_site_quantities,1,1,0.002255207999997566
trial_005_hsa_reduced_101_single,benchmark,hsa_reduced,101,site_quantities,0,1,15.52124225
trial_005_hsa_reduced_101_single,benchmark,hsa_reduced,101,export,0,1,0.01481141700000066
trial_006_hsa_full_101_single,benchmark,hsa_full,101,initialization,0,1,4.399629125
trial_006_hsa_full_101_single,benchmark,hsa_full,101,clustering,0,1,1.9099947080000002
trial_006_hsa_full_101_single,benchmark,hsa_full,101,generate_data_for_entropycalcs,1,1,0.021930333000000246
trial_006_hsa_full_101_single,benchmark,hsa_full,101,run_entropy_scripts,1,1,0.018275165999998677
trial_006_hsa_full_101_single,benchmark,hsa_full,101,normalize_site_quantities,1,1,0.002431333000000535
trial_006_hsa_full_101_single,benchmark,hsa_full,101,site_quantities,0,1,16.832032542
trial_006_hsa_full_101_single,benchmark,hsa_full,101,export,0,1,0.03074129100000178
trial_007_hsa_full_101_single,benchmark,hsa_full,101,initialization,0,1,4.157947957999999
trial_007_hsa_full_101_single,benchmark,hsa_full,101,clustering,0,1,1.7192644589999997
trial_007_hsa_full_101_single,benchmark,hsa_full,101,generate_data_for_entropycalcs,1,1,0.021632416999999293
trial_007_hsa_full_101_single,benchmark,hsa_full,101,run_entropy_scripts,1,1,0.019504417000000274
trial_007_hsa_full_101_single,benchmark,hsa_full,101,normalize_site_quantities,1,1,0.0024987920000008046
trial_007_hsa_full_101_single,benchmark,hsa_full,101,site_quantities,0,1,16.899858958
trial_007_hsa_full_101_single,benchmark,hsa_full,101,export,0,1,0.040829374999997725
trial_008_hsa_full_101_single,benchmark,hsa_full,101,initialization,0,1,4.394940416
trial_008_hsa_full_101_single,benchmark,hsa_full,101,clustering,0,1,1.7755597500000002
trial_008_hsa_full_101_single,benchmark,hsa_full,101,generate_data_for_entropycalcs,1,1,0.022127959000002306
trial_008_hsa_full_101_single,benchmark,hsa_full,101,run_entropy_scripts,1,1,0.018719790999998764
trial_008_hsa_full_101_single,benchmark,hsa_full,101,normalize_site_quantities,1,1,0.0025039590000019984
trial_008_hsa_full_101_single,benchmark,hsa_full,101,site_quantities,0,1,17.1137735
trial_008_hsa_full_101_single,benchmark,hsa_full,101,export,0,1,0.03235745899999998
trial_009_hsa_full_501_single,benchmark,hsa_full,501,initialization,0,1,4.271394084
trial_009_hsa_full_501_single,benchmark,hsa_full,501,clustering,0,1,2.4482234579999993
trial_009_hsa_full_501_single,benchmark,hsa_full,501,generate_data_for_entropycalcs,1,1,0.09519287500000928
trial_009_hsa_full_501_single,benchmark,hsa_full,501,run_entropy_scripts,1,1,0.06919504200000404
trial_009_hsa_full_501_single,benchmark,hsa_full,501,normalize_site_quantities,1,1,0.005231334000001198
trial_009_hsa_full_501_single,benchmark,hsa_full,501,site_quantities,0,1,79.681240583
trial_009_hsa_full_501_single,benchmark,hsa_full,501,export,0,1,0.04784433300000046
trial_010_hydrarank_501_single,benchmark,hydrarank,501,load_universe,0,1,0.2245342922396958
trial_010_hydrarank_501_single,benchmark,hydrarank,501,describe_system,0,1,0.20723662478849292
trial_010_hydrarank_501_single,benchmark,hydrarank,501,prepare_system,1,1,1.553710041102022
trial_010_hydrarank_501_single,benchmark,hydrarank,501,run_preprocess,0,1,20.225851791910827
trial_010_hydrarank_501_single,benchmark,hydrarank,501,cluster_hydration_sites,0,1,0.23497704230248928
trial_010_hydrarank_501_single,benchmark,hydrarank,501,translational_entropy,1,19,0.0049267965368926525
trial_010_hydrarank_501_single,benchmark,hydrarank,501,orientational_entropy,1,19,0.014737540856003761
trial_010_hydrarank_501_single,benchmark,hydrarank,501,analyse_sites,0,1,0.03055729065090418
trial_010_hydrarank_501_single,benchmark,hydrarank,501,rank_sites,0,1,0.000267083290964365
trial_010_hydrarank_501_single,benchmark,hydrarank,501,_write_artifacts,0,1,0.004512041807174683
trial_011_hsa_reduced_501_single,benchmark,hsa_reduced,501,initialization,0,1,4.230468416999999
trial_011_hsa_reduced_501_single,benchmark,hsa_reduced,501,clustering,0,1,2.3795544170000005
trial_011_hsa_reduced_501_single,benchmark,hsa_reduced,501,generate_data_for_entropycalcs,1,1,0.09847899999999754
trial_011_hsa_reduced_501_single,benchmark,hsa_reduced,501,run_entropy_scripts,1,1,0.07468970900001182
trial_011_hsa_reduced_501_single,benchmark,hsa_reduced,501,normalize_site_quantities,1,1,0.0038205409999960693
trial_011_hsa_reduced_501_single,benchmark,hsa_reduced,501,site_quantities,0,1,73.538319958
trial_011_hsa_reduced_501_single,benchmark,hsa_reduced,501,export,0,1,0.01851704199999915
trial_012_hydrarank_501_native,benchmark,hydrarank,501,load_universe,0,1,0.2438998748548329
trial_012_hydrarank_501_native,benchmark,hydrarank,501,describe_system,0,1,0.2632722081616521
trial_012_hydrarank_501_native,benchmark,hydrarank,501,prepare_system,1,1,1.6423967923037708
trial_012_hydrarank_501_native,benchmark,hydrarank,501,run_preprocess,0,1,20.016143958084285
trial_012_hydrarank_501_native,benchmark,hydrarank,501,cluster_hydration_sites,0,1,0.07750045787543058
trial_012_hydrarank_501_native,benchmark,hydrarank,501,translational_entropy,1,19,0.004671668168157339
trial_012_hydrarank_501_native,benchmark,hydrarank,501,orientational_entropy,1,19,0.014148543123155832
trial_012_hydrarank_501_native,benchmark,hydrarank,501,analyse_sites,0,1,0.029003874864429235
trial_012_hydrarank_501_native,benchmark,hydrarank,501,rank_sites,0,1,0.0003022090531885624
trial_012_hydrarank_501_native,benchmark,hydrarank,501,_write_artifacts,0,1,0.0048422920517623425
trial_013_hsa_full_501_native,benchmark,hsa_full,501,initialization,0,1,4.159603875
trial_013_hsa_full_501_native,benchmark,hsa_full,501,clustering,0,1,2.369585667000001
trial_013_hsa_full_501_native,benchmark,hsa_full,501,generate_data_for_entropycalcs,1,1,0.09609158400000695
trial_013_hsa_full_501_native,benchmark,hsa_full,501,run_entropy_scripts,1,1,0.07196641699999873
trial_013_hsa_full_501_native,benchmark,hsa_full,501,normalize_site_quantities,1,1,0.005546541000001071
trial_013_hsa_full_501_native,benchmark,hsa_full,501,site_quantities,0,1,81.316274041
trial_013_hsa_full_501_native,benchmark,hsa_full,501,export,0,1,0.05200520799999708
trial_014_hsa_full_501_single,benchmark,hsa_full,501,initialization,0,1,4.154921667
trial_014_hsa_full_501_single,benchmark,hsa_full,501,clustering,0,1,2.409708417
trial_014_hsa_full_501_single,benchmark,hsa_full,501,generate_data_for_entropycalcs,1,1,0.09527799999999331
trial_014_hsa_full_501_single,benchmark,hsa_full,501,run_entropy_scripts,1,1,0.07061312499999417
trial_014_hsa_full_501_single,benchmark,hsa_full,501,normalize_site_quantities,1,1,0.005030875000002766
trial_014_hsa_full_501_single,benchmark,hsa_full,501,site_quantities,0,1,79.978958
trial_014_hsa_full_501_single,benchmark,hsa_full,501,export,0,1,0.04814379200000474
trial_015_hsa_reduced_501_single,benchmark,hsa_reduced,501,initialization,0,1,4.173181958
trial_015_hsa_reduced_501_single,benchmark,hsa_reduced,501,clustering,0,1,2.610535916
trial_015_hsa_reduced_501_single,benchmark,hsa_reduced,501,generate_data_for_entropycalcs,1,1,0.10402162500000145
trial_015_hsa_reduced_501_single,benchmark,hsa_reduced,501,run_entropy_scripts,1,1,0.07439495900000281
trial_015_hsa_reduced_501_single,benchmark,hsa_reduced,501,normalize_site_quantities,1,1,0.004205209000005539
trial_015_hsa_reduced_501_single,benchmark,hsa_reduced,501,site_quantities,0,1,74.270117875
trial_015_hsa_reduced_501_single,benchmark,hsa_reduced,501,export,0,1,0.016663416000000097
trial_016_hsa_full_501_single,benchmark,hsa_full,501,initialization,0,1,4.249429083
trial_016_hsa_full_501_single,benchmark,hsa_full,501,clustering,0,1,2.449500917
trial_016_hsa_full_501_single,benchmark,hsa_full,501,generate_data_for_entropycalcs,1,1,0.09838641599999676
trial_016_hsa_full_501_single,benchmark,hsa_full,501,run_entropy_scripts,1,1,0.07492554200000257
trial_016_hsa_full_501_single,benchmark,hsa_full,501,normalize_site_quantities,1,1,0.006036083999987341
trial_016_hsa_full_501_single,benchmark,hsa_full,501,site_quantities,0,1,81.877741125
trial_016_hsa_full_501_single,benchmark,hsa_full,501,export,0,1,0.051842624999991926
trial_017_hydrarank_501_single,benchmark,hydrarank,501,load_universe,0,1,0.2310498752631247
trial_017_hydrarank_501_single,benchmark,hydrarank,501,describe_system,0,1,0.2402751250192523
trial_017_hydrarank_501_single,benchmark,hydrarank,501,prepare_system,1,1,1.5392427500337362
trial_017_hydrarank_501_single,benchmark,hydrarank,501,run_preprocess,0,1,19.568449082784355
trial_017_hydrarank_501_single,benchmark,hydrarank,501,cluster_hydration_sites,0,1,0.2556371670216322
trial_017_hydrarank_501_single,benchmark,hydrarank,501,translational_entropy,1,19,0.004707293584942818
trial_017_hydrarank_501_single,benchmark,hydrarank,501,orientational_entropy,1,19,0.015264667104929686
trial_017_hydrarank_501_single,benchmark,hydrarank,501,analyse_sites,0,1,0.030935917049646378
trial_017_hydrarank_501_single,benchmark,hydrarank,501,rank_sites,0,1,0.0002187499776482582
trial_017_hydrarank_501_single,benchmark,hydrarank,501,_write_artifacts,0,1,0.004573875106871128
trial_018_hsa_reduced_501_native,benchmark,hsa_reduced,501,initialization,0,1,4.041179708
trial_018_hsa_reduced_501_native,benchmark,hsa_reduced,501,clustering,0,1,2.426785667
trial_018_hsa_reduced_501_native,benchmark,hsa_reduced,501,generate_data_for_entropycalcs,1,1,0.09625858299999379
trial_018_hsa_reduced_501_native,benchmark,hsa_reduced,501,run_entropy_scripts,1,1,0.07434808399999326
trial_018_hsa_reduced_501_native,benchmark,hsa_reduced,501,normalize_site_quantities,1,1,0.00443937500000402
trial_018_hsa_reduced_501_native,benchmark,hsa_reduced,501,site_quantities,0,1,74.825838167
trial_018_hsa_reduced_501_native,benchmark,hsa_reduced,501,export,0,1,0.017567958000000772
trial_019_hsa_reduced_501_single,benchmark,hsa_reduced,501,initialization,0,1,4.134536792
trial_019_hsa_reduced_501_single,benchmark,hsa_reduced,501,clustering,0,1,2.3810362080000003
trial_019_hsa_reduced_501_single,benchmark,hsa_reduced,501,generate_data_for_entropycalcs,1,1,0.09778637499999832
trial_019_hsa_reduced_501_single,benchmark,hsa_reduced,501,run_entropy_scripts,1,1,0.07196729199999652
trial_019_hsa_reduced_501_single,benchmark,hsa_reduced,501,normalize_site_quantities,1,1,0.004199458999991634
trial_019_hsa_reduced_501_single,benchmark,hsa_reduced,501,site_quantities,0,1,75.74692325
trial_019_hsa_reduced_501_single,benchmark,hsa_reduced,501,export,0,1,0.01668899999999951
trial_020_hydrarank_501_single,benchmark,hydrarank,501,load_universe,0,1,0.22824137518182397
trial_020_hydrarank_501_single,benchmark,hydrarank,501,describe_system,0,1,0.22272429196164012
trial_020_hydrarank_501_single,benchmark,hydrarank,501,prepare_system,1,1,1.5052125840447843
trial_020_hydrarank_501_single,benchmark,hydrarank,501,run_preprocess,0,1,18.628899083007127
trial_020_hydrarank_501_single,benchmark,hydrarank,501,cluster_hydration_sites,0,1,0.23710549995303154
trial_020_hydrarank_501_single,benchmark,hydrarank,501,translational_entropy,1,19,0.004801750183105469
trial_020_hydrarank_501_single,benchmark,hydrarank,501,orientational_entropy,1,19,0.015175746753811836
trial_020_hydrarank_501_single,benchmark,hydrarank,501,analyse_sites,0,1,0.03072408400475979
trial_020_hydrarank_501_single,benchmark,hydrarank,501,rank_sites,0,1,0.0002255002036690712
trial_020_hydrarank_501_single,benchmark,hydrarank,501,_write_artifacts,0,1,0.004555125255137682
trial_021_hydrarank_1001_single,benchmark,hydrarank,1001,load_universe,0,1,0.22424579178914428
trial_021_hydrarank_1001_single,benchmark,hydrarank,1001,describe_system,0,1,0.22565425001084805
trial_021_hydrarank_1001_single,benchmark,hydrarank,1001,prepare_system,1,1,1.900013166014105
trial_021_hydrarank_1001_single,benchmark,hydrarank,1001,run_preprocess,0,1,36.0312451669015
trial_021_hydrarank_1001_single,benchmark,hydrarank,1001,cluster_hydration_sites,0,1,0.5539187090471387
trial_021_hydrarank_1001_single,benchmark,hydrarank,1001,translational_entropy,1,20,0.009452498983591795
trial_021_hydrarank_1001_single,benchmark,hydrarank,1001,orientational_entropy,1,20,0.030676997266709805
trial_021_hydrarank_1001_single,benchmark,hydrarank,1001,analyse_sites,0,1,0.05776412505656481
trial_021_hydrarank_1001_single,benchmark,hydrarank,1001,rank_sites,0,1,4.612468183040619e-05
trial_021_hydrarank_1001_single,benchmark,hydrarank,1001,_write_artifacts,0,1,0.007431709207594395
trial_022_hsa_full_1001_single,benchmark,hsa_full,1001,initialization,0,1,4.058012000000001
trial_022_hsa_full_1001_single,benchmark,hsa_full,1001,clustering,0,1,3.177732666999999
trial_022_hsa_full_1001_single,benchmark,hsa_full,1001,generate_data_for_entropycalcs,1,1,0.19072570800000221
trial_022_hsa_full_1001_single,benchmark,hsa_full,1001,run_entropy_scripts,1,1,0.15473349999999186
trial_022_hsa_full_1001_single,benchmark,hsa_full,1001,normalize_site_quantities,1,1,0.009165959000000612
trial_022_hsa_full_1001_single,benchmark,hsa_full,1001,site_quantities,0,1,170.042052375
trial_022_hsa_full_1001_single,benchmark,hsa_full,1001,export,0,1,0.08809883299997523
trial_023_hsa_reduced_1001_single,benchmark,hsa_reduced,1001,initialization,0,1,4.044971250000001
trial_023_hsa_reduced_1001_single,benchmark,hsa_reduced,1001,clustering,0,1,3.480365666
trial_023_hsa_reduced_1001_single,benchmark,hsa_reduced,1001,generate_data_for_entropycalcs,1,1,0.20400629099998469
trial_023_hsa_reduced_1001_single,benchmark,hsa_reduced,1001,run_entropy_scripts,1,1,0.15784783299997684
trial_023_hsa_reduced_1001_single,benchmark,hsa_reduced,1001,normalize_site_quantities,1,1,0.00625445899999022
trial_023_hsa_reduced_1001_single,benchmark,hsa_reduced,1001,site_quantities,0,1,158.043504292
trial_023_hsa_reduced_1001_single,benchmark,hsa_reduced,1001,export,0,1,0.024278334000001678
cached_hydrarank_501,cached,hydrarank,501,load_universe,0,1,0.2303817910142243
cached_hydrarank_501,cached,hydrarank,501,describe_system,0,1,0.23422945896163583
cached_hydrarank_501,cached,hydrarank,501,cluster_hydration_sites,0,1,0.2374847079627216
cached_hydrarank_501,cached,hydrarank,501,translational_entropy,1,19,0.004872333258390427
cached_hydrarank_501,cached,hydrarank,501,orientational_entropy,1,19,0.015592000912874937
cached_hydrarank_501,cached,hydrarank,501,analyse_sites,0,1,0.030143334064632654
cached_hydrarank_501,cached,hydrarank,501,rank_sites,0,1,0.00102237518876791
cached_hydrarank_501,cached,hydrarank,501,_write_artifacts,0,1,0.004951917100697756
