mode,frames,workers,spacing,padding,repetitions,wall_median_s,wall_min_s,wall_max_s,frames_per_second,user_seconds,system_seconds,os_peak_rss_bytes,sampled_tree_peak_rss_bytes,output_bytes,sampled_peak_disk_bytes,peak_threads,peak_processes,cpu_seconds_per_frame
hsa_full,101,single,0.5,5,3,24.88,24.33,25.03,4.059485530546624,24.05,0.53,538132480,538574848,668598,668598,2,2,0.24366336633663366
hsa_full,501,native,0.5,5,1,89.92,89.92,89.92,5.57161921708185,86.44,2.9,541622272,542048256,2595356,2595356,10,2,0.17832335329341317
hsa_full,501,single,0.5,5,3,88.71,88.13,90.57,5.647615826851539,86.33,1.51,543260672,541196288,2595351,2595351,2,2,0.17532934131736527
hsa_full,1001,single,0.5,5,1,179.52,179.52,179.52,5.575980392156862,175.84,2.44,539607040,535543808,5416160,5416160,3,2,0.1781018981018981
hsa_reduced,101,single,0.5,5,3,23.53,23.04,24.45,4.292392690182745,22.74,0.34,543539200,543981568,463824,463824,2,2,0.2285148514851485
hsa_reduced,501,native,0.5,5,1,83.4,83.4,83.4,6.0071942446043165,81.13,1.87,539754496,540196864,1620540,2382455,10,2,0.1656686626746507
hsa_reduced,501,single,0.5,5,3,82.92,82.2,84.17,6.041968162083936,81.1,0.66,537116672,536494080,1620546,1620546,2,2,0.16319361277445107
hsa_reduced,1001,single,0.5,5,1,167.5,167.5,167.5,5.976119402985074,164.82,0.99,539115520,526745600,3300774,3300774,2,2,0.16564435564435565
hydrarank,101,single,0.5,5,3,6.27,6.19,6.42,16.108452950558213,6.07,0.09,177422336,178438144,170645,170645,2,2,0.06099009900990099
hydrarank,501,native,0.5,5,1,21.3,21.3,21.3,23.52112676056338,20.85,0.24,184844288,185876480,671734,671734,2,2,0.042095808383233534
hydrarank,501,single,0.5,5,3,21.04,20.05,21.56,23.811787072243348,20.15,0.23,170754048,171212800,671739,671739,2,2,0.04079840319361277
hydrarank,1001,single,0.5,5,1,37.72,37.72,37.72,26.537645811240722,36.51,0.39,159367168,158400512,1298890,1298890,2,2,0.03686313686313686
