kind,mode,frames,workers,repeat,status,wall_seconds,os_wall_seconds,user_seconds,system_seconds,os_peak_rss_bytes,sampled_tree_peak_rss_bytes,output_bytes,sampled_peak_disk_bytes,peak_threads,peak_processes,name,actual_frames,n_sites,n_fit_atoms,mean_shell_waters,mean_site_waters,mean_grid_waters,cache_reused
monitor_overhead,,,,0,complete,0.6565755419433117,0.61,0.6,0.0,15712256,,777,777,,,,,,,,,,
monitor_overhead,,,,0,complete,1.0368538340553641,0.61,0.61,0.0,15826944,16826368,777,777,2,2,,,,,,,,
monitor_overhead,,,,1,complete,0.6628153747878969,0.62,0.61,0.0,15777792,,777,777,,,,,,,,,,
monitor_overhead,,,,1,complete,1.0401205830276012,0.61,0.6,0.0,15630336,16629760,777,777,2,2,,,,,,,,
monitor_overhead,,,,2,complete,0.6640326660126448,0.64,0.62,0.01,15712256,,777,777,,,,,,,,,,
monitor_overhead,,,,2,complete,1.04101258283481,0.61,0.6,0.0,15564800,16547840,777,777,2,2,,,,,,,,
preparation,prepare,1001,single,,complete,17.210421541240066,16.96,16.0,0.55,231407616,226869248,433035045,433035045,2,2,preparation,1001,,,,,,
preflight,hydrarank,101,single,,complete,6.775706624612212,6.33,6.06,0.1,164003840,164429824,170489,170489,2,2,preflight_hydrarank,101,21,61,18.415841584158414,,,False
preflight,hsa_full,101,single,,complete,25.529678374994546,25.34,23.84,0.68,536625152,537067520,668589,668589,3,2,preflight_hsa_full,101,19,,,11.504950495049505,,
preflight,hsa_reduced,101,single,,complete,23.97206020914018,23.65,22.69,0.36,541097984,527466496,463824,463824,2,2,preflight_hsa_reduced,101,19,,,11.504950495049505,,
preflight,gist_full,101,single,,failed,6.251737708225846,6.04,5.48,0.23,549060608,534036480,147550,147550,2,2,preflight_gist_full,,,,,,,
preflight,gist_entropy,101,single,,failed,6.262240083888173,6.09,5.57,0.22,551911424,536313856,147550,147550,2,2,preflight_gist_entropy,,,,,,,
benchmark,hsa_reduced,101,single,1,complete,23.387862041126937,23.04,22.41,0.34,553680896,554713088,463824,463824,2,2,trial_000_hsa_reduced_101_single,101,19,,,11.504950495049505,,
benchmark,hydrarank,101,single,0,complete,6.7579979579895735,6.42,6.16,0.1,178438144,179077120,170645,170645,2,2,trial_001_hydrarank_101_single,101,21,61,18.415841584158414,,,False
benchmark,hydrarank,101,single,1,complete,6.755967458244413,6.27,6.07,0.09,177422336,178438144,170645,170645,2,2,trial_002_hydrarank_101_single,101,21,61,18.415841584158414,,,False
benchmark,hydrarank,101,single,2,complete,6.235981374979019,6.19,6.02,0.09,175734784,176390144,170652,170652,2,2,trial_003_hydrarank_101_single,101,21,61,18.415841584158414,,,False
benchmark,hsa_reduced,101,single,0,complete,24.70558650000021,24.45,22.83,0.49,543539200,543981568,463830,463830,2,2,trial_004_hsa_reduced_101_single,101,19,,,11.504950495049505,,
benchmark,hsa_reduced,101,single,2,complete,23.919381957966834,23.53,22.74,0.34,536248320,528056320,463820,463820,2,2,trial_005_hsa_reduced_101_single,101,19,,,11.504950495049505,,
benchmark,hsa_full,101,single,1,complete,24.983770582824945,24.88,24.14,0.49,538132480,538574848,668598,668598,2,2,trial_006_hsa_full_101_single,101,19,,,11.504950495049505,,
benchmark,hsa_full,101,single,2,complete,24.434469542000443,24.33,23.65,0.53,538034176,538460160,668606,668606,4,3,trial_007_hsa_full_101_single,101,19,,,11.504950495049505,,
benchmark,hsa_full,101,single,0,complete,25.052696750033647,25.03,24.05,0.56,540180480,540622848,668597,668597,2,2,trial_008_hsa_full_101_single,101,19,,,11.504950495049505,,
benchmark,hsa_full,501,single,1,complete,88.39583162497729,88.13,86.09,1.34,543588352,544014336,2595357,2595357,2,2,trial_009_hsa_full_501_single,501,17,,,11.213572854291417,,
benchmark,hydrarank,501,single,2,complete,21.84431116702035,21.56,20.87,0.23,169197568,168886272,671742,671742,2,2,trial_010_hydrarank_501_single,501,19,61,18.159680638722556,,,False
benchmark,hsa_reduced,501,single,2,complete,82.71356404200196,82.2,80.79,0.59,536051712,536494080,1620554,1620554,3,2,trial_011_hsa_reduced_501_single,501,17,,,11.213572854291417,,
benchmark,hydrarank,501,native,0,complete,21.31905358377844,21.3,20.85,0.24,184844288,185876480,671734,671734,2,2,trial_012_hydrarank_501_native,501,19,61,18.159680638722556,,,False
benchmark,hsa_full,501,native,0,complete,89.93480712501332,89.92,86.44,2.9,541622272,542048256,2595356,2595356,10,2,trial_013_hsa_full_501_native,501,17,,,11.213572854291417,,
benchmark,hsa_full,501,single,2,complete,88.86833670828491,88.71,86.33,1.51,543260672,525008896,2595347,2595347,2,2,trial_014_hsa_full_501_single,501,17,,,11.213572854291417,,
benchmark,hsa_reduced,501,single,0,complete,83.13912762515247,82.92,81.1,0.66,537116672,537559040,1620541,1620541,2,2,trial_015_hsa_reduced_501_single,501,17,,,11.213572854291417,,
benchmark,hsa_full,501,single,0,complete,91.12914075003937,90.57,87.04,1.77,540753920,541196288,2595351,2595351,2,2,trial_016_hsa_full_501_single,501,17,,,11.213572854291417,,
benchmark,hydrarank,501,single,1,complete,21.405225000344217,21.04,20.15,0.29,170754048,171212800,671737,671737,2,2,trial_017_hydrarank_501_single,501,19,61,18.159680638722556,,,False
benchmark,hsa_reduced,501,native,0,complete,83.66346016712487,83.4,81.13,1.87,539754496,540196864,1620540,2382455,10,2,trial_018_hsa_reduced_501_native,501,17,,,11.213572854291417,,
benchmark,hsa_reduced,501,single,1,complete,84.45808358397335,84.17,81.53,0.76,537296896,525565952,1620546,1620546,2,2,trial_019_hsa_reduced_501_single,501,17,,,11.213572854291417,,
benchmark,hydrarank,501,single,0,complete,20.25668350001797,20.05,19.54,0.23,176095232,177127424,671739,671739,2,2,trial_020_hydrarank_501_single,501,19,61,18.159680638722556,,,False
benchmark,hydrarank,1001,single,0,complete,37.74056970793754,37.72,36.51,0.39,159367168,158400512,1298890,1298890,2,2,trial_021_hydrarank_1001_single,1001,20,61,18.092907092907094,,,False
benchmark,hsa_full,1001,single,0,complete,179.85355508420616,179.52,175.84,2.44,539607040,535543808,5416160,5416160,3,2,trial_022_hsa_full_1001_single,1001,19,,,12.08991008991009,,
benchmark,hsa_reduced,1001,single,0,complete,167.55816283402964,167.5,164.82,0.99,539115520,526745600,3300774,3300774,2,2,trial_023_hsa_reduced_1001_single,1001,19,,,12.08991008991009,,
cached,hydrarank,501,single,,complete,1.5642804158851504,1.33,1.05,0.09,144949248,145260544,671395,671395,2,2,cached_hydrarank_501,501,19,61,18.159680638722556,,,True
